{
  "type": "createsifter:sifting",
  "ingredients": [
    {
      "item": "minecraft:dirt"
    },
    {
      "item": "createsifter:string_mesh"
    }
  ],
  "results": [
    {
      "item": "minecraft:kelp",
      "chance": 0.2
    },
    {
      "item": "minecraft:seagrass",
      "chance": 0.3
    },
    {
      "item": "minecraft:tube_coral",
      "chance": 0.05
    },
    {
      "item": "minecraft:brain_coral",
      "chance": 0.05
    },
    {
      "item": "minecraft:bubble_coral",
      "chance": 0.05
    },
    {
      "item": "minecraft:fire_coral",
      "chance": 0.05
    },
    {
      "item": "minecraft:horn_coral",
      "chance": 0.05
    },
    {"item": "minecraft:lily_pad", "chance": 0.02},
    {"item": "minecraft:vine", "chance": 0.02}
  ],
  "processingTime": 500,
  "waterlogged": true
}
