[
  {"version":1},
  {"ingredient":{"id":"minecraft:leather"},"type":"item_stack","bookmarkType":"INGREDIENT"},
  {"ingredient":{"id":"sophisticatedbackpacks:backpack"},"type":"item_stack","bookmarkType":"INGREDIENT"},
  {"ingredient":{"id":"create:water_wheel"},"type":"item_stack","bookmarkType":"INGREDIENT"},
  {"ingredient":{"id":"create:windmill_bearing"},"type":"item_stack","bookmarkType":"INGREDIENT"},
  {"ingredient":{"id":"create:white_sail"},"type":"item_stack","bookmarkType":"INGREDIENT"},
  {"ingredient":{"id":"minecraft:iron_block"},"type":"item_stack","bookmarkType":"INGREDIENT"},
  {"ingredient":{"id":"create:mechanical_press"},"type":"item_stack","bookmarkType":"INGREDIENT"},
  {"ingredient":{"id":"silentgear:very_crude_repair_kit"},"type":"item_stack","bookmarkType":"INGREDIENT"},
  {"ingredient":{"id":"silentgear:pebble"},"type":"item_stack","bookmarkType":"INGREDIENT"},
  {"ingredient":{"id":"silentgear:crude_hammer"},"type":"item_stack","bookmarkType":"INGREDIENT"},
  {"ingredient":{"id":"silentgear:shears_template"},"type":"item_stack","bookmarkType":"INGREDIENT"},
  {"ingredient":{"id":"silentgear:crude_tool_parts"},"type":"item_stack","bookmarkType":"INGREDIENT"},
  {"ingredient":{"id":"silentgear:saw_template"},"type":"item_stack","bookmarkType":"INGREDIENT"},
  {"ingredient":{"id":"silentgear:dagger"},"type":"item_stack","bookmarkType":"INGREDIENT"},
  {"ingredient":{"id":"silentgear:crude_knife"},"type":"item_stack","bookmarkType":"INGREDIENT"},
  {"ingredient":{"id":"silentgear:knife_template"},"type":"item_stack","bookmarkType":"INGREDIENT"},
  {"ingredient":{"id":"silentgear:dagger_template"},"type":"item_stack","bookmarkType":"INGREDIENT"},
  {"ingredient":{"id":"silentgear:knife"},"type":"item_stack","bookmarkType":"INGREDIENT"},
  {"ingredient":{"id":"silentgear:template_board"},"type":"item_stack","bookmarkType":"INGREDIENT"},
  {"ingredient":{"id":"silentgear:rod_template"},"type":"item_stack","bookmarkType":"INGREDIENT"},
  {"ingredient":{"id":"farmersdelight:diamond_knife"},"type":"item_stack","bookmarkType":"INGREDIENT"},
  {"ingredient":{"id":"silentgear:stone_anvil"},"type":"item_stack","bookmarkType":"INGREDIENT"},
  {"ingredient":{"id":"minecraft:oak_log"},"type":"item_stack","bookmarkType":"INGREDIENT"}
]