{
  "type": "createsifter:sifting",
  "ingredients": [
    {
      "item": "kubejs:amethyst_mesh"
    },
    {
      "item": "minecraft:red_sand"
    }
  ],
  "processingTime": 500,
  "results": [
    {"item": "minecraft:sculk", "chance": 0.1},
    {"item": "create:raw_zinc", "chance": 0.2},
    {"item": "minecraft:amethyst_shard", "chance": 0.1},
    {"item": "minecraft:budding_amethyst", "chance": 0.01},
    {"item": "minecraft:diamond", "chance": 0.03},
    {"item": "minecraft:emerald", "chance": 0.02},
    {"item": "minecraft:raw_gold", "chance": 0.25},
    {"item": "minecraft:raw_iron", "chance": 0.35},
    {"item": "minecraft:redstone", "chance": 0.3, "count": 4},
    {"item": "minecraft:spore_blossom", "chance": 0.01},
    {"item": "create:experience_nugget", "chance": 0.15},
    {"item": "minecraft:echo_shard", "chance": 0.001}
  ]
}
