[
  {"version":2},
  {"ingredient":{"id":"minecraft:cobblestone"},"type":"item_stack","bookmarkType":"INGREDIENT"},
  {"ingredient":{"id":"minecraft:charcoal"},"type":"item_stack","bookmarkType":"INGREDIENT"},
  {"ingredient":{"id":"silentgear:custom_ingot"},"type":"item_stack","bookmarkType":"INGREDIENT"},
  {"ingredient":{"id":"minecraft:redstone_block"},"type":"item_stack","bookmarkType":"INGREDIENT"},
  {"ingredient":{"id":"minecraft:oak_sapling"},"type":"item_stack","bookmarkType":"INGREDIENT"},
  {"ingredient":{"id":"sophisticatedbackpacks:backpack"},"type":"item_stack","bookmarkType":"INGREDIENT"},
  {"recipe":"silentgear:blue_dye_from_flax_flowers","recipeType":"minecraft:crafting","bookmarkType":"RECIPE"},
  {"ingredient":{"id":"silentgear:flax_string"},"type":"item_stack","bookmarkType":"INGREDIENT"},
  {"ingredient":{"id":"silentgear:fluffy_feather"},"type":"item_stack","bookmarkType":"INGREDIENT"},
  {"recipe":"farmersdelight:canvas","recipeType":"minecraft:crafting","bookmarkType":"RECIPE"},
  {"ingredient":{"id":"minecraft:oak_boat"},"type":"item_stack","bookmarkType":"INGREDIENT"},
  {"recipe":"silentgear:grip_blueprint_alt","recipeType":"minecraft:crafting","bookmarkType":"RECIPE"},
  {"recipe":"silentgear:grip_blueprint","recipeType":"minecraft:crafting","bookmarkType":"RECIPE"},
  {"recipe":"silentgear:cord_blueprint","recipeType":"minecraft:crafting","bookmarkType":"RECIPE"}
]