[
  {"version":2},
  {"recipe":"minecraft:comparator","recipeType":"minecraft:crafting","bookmarkType":"RECIPE"},
  {"ingredient":{"id":"minecraft:gold_ingot"},"type":"item_stack","bookmarkType":"INGREDIENT"},
  {"recipe":"toms_storage:crafting_terminal","recipeType":"minecraft:crafting","bookmarkType":"RECIPE"},
  {"recipe":"toms_storage:storage_terminal","recipeType":"minecraft:crafting","bookmarkType":"RECIPE"},
  {"ingredient":{"id":"minecraft:lectern"},"type":"item_stack","bookmarkType":"INGREDIENT"},
  {"recipe":"minecraft:iron_block","recipeType":"minecraft:crafting","bookmarkType":"RECIPE"},
  {"ingredient":{"id":"minecraft:redstone"},"type":"item_stack","bookmarkType":"INGREDIENT"},
  {"ingredient":{"id":"minecraft:powered_rail"},"type":"item_stack","bookmarkType":"INGREDIENT"},
  {"ingredient":{"id":"sophisticatedbackpacks:upgrade_base"},"type":"item_stack","bookmarkType":"INGREDIENT"},
  {"ingredient":{"id":"minecraft:cooked_beef"},"type":"item_stack","bookmarkType":"INGREDIENT"},
  {"ingredient":{"id":"minecraft:scaffolding"},"type":"item_stack","bookmarkType":"INGREDIENT"},
  {"ingredient":{"id":"create:sticky_mechanical_piston"},"type":"item_stack","bookmarkType":"INGREDIENT"},
  {"recipe":"sophisticatedbackpacks:backpack","recipeType":"minecraft:crafting","bookmarkType":"RECIPE"},
  {"ingredient":{"id":"silentgear:sword","components":{"silentgear:construction":{"parts":[{"part":"silentgear:rod","item":{"id":"silentgear:rod","count":1,"components":{"silentgear:material_list":[{"material":"silentgear:bone","item":{"id":"minecraft:bone_block","count":1}}]}}},{"part":"silentgear:tip","item":{"id":"silentgear:tip","count":1,"components":{"silentgear:material_list":[{"material":"silentgear:redstone","item":{"id":"minecraft:redstone","count":1}}]}}},{"part":"silentgear:sword_blade","item":{"id":"silentgear:sword_blade","count":1,"components":{"silentgear:material_list":[{"material":"silentgear:iron","item":{"id":"minecraft:iron_ingot","count":1}},{"material":"silentgear:iron","item":{"id":"minecraft:iron_ingot","count":1}}]}}}],"example":false,"broken_count":0,"repairedCount":4},"silentgear:model_key":"sword:rod{bone},tip{redstone},sword_blade{iron},","silentgear:model_index":7,"silentgear:properties":{"silentgear:traits":[{"trait":"silentgear:flexible","level":2,"conditions":[]},{"trait":"silentgear:malleable","level":4,"conditions":[]}],"silentgear:durability":250.0,"silentgear:armor_durability":15.0,"silentgear:repair_efficiency":1.0,"silentgear:repair_value":0.0,"silentgear:enchantment_value":14.0,"silentgear:charging_value":0.7,"silentgear:rarity":29.999998,"silentgear:harvest_tier":{"name":"iron","level_hint":"2","incorrect_blocks_for_tool":"silentgear:incorrect_for_iron_tools"},"silentgear:harvest_speed":7.2000003,"silentgear:block_reach":0.0,"silentgear:attack_damage":7.4,"silentgear:attack_speed":1.9000001,"silentgear:attack_reach":6.0,"silentgear:magic_damage":1.0,"silentgear:ranged_damage":3.0,"silentgear:draw_speed":0.1,"silentgear:projectile_speed":1.0,"silentgear:projectile_accuracy":1.1,"silentgear:armor":15.0,"silentgear:armor_toughness":0.0,"silentgear:knockback_resistance":0.0,"silentgear:magic_armor":6.0}}},"type":"item_stack","bookmarkType":"INGREDIENT"},
  {"ingredient":{"id":"silentgear:blueprint_paper"},"type":"item_stack","bookmarkType":"INGREDIENT"},
  {"ingredient":{"id":"create:andesite_casing"},"type":"item_stack","bookmarkType":"INGREDIENT"},
  {"recipe":"create:crafting/kinetics/mechanical_saw","recipeType":"minecraft:crafting","bookmarkType":"RECIPE"},
  {"ingredient":{"id":"minecraft:iron_block"},"type":"item_stack","bookmarkType":"INGREDIENT"},
  {"ingredient":{"id":"create:zinc_ingot"},"type":"item_stack","bookmarkType":"INGREDIENT"},
  {"ingredient":{"id":"minecraft:iron_ingot"},"type":"item_stack","bookmarkType":"INGREDIENT"},
  {"ingredient":{"id":"minecraft:glass_bottle"},"type":"item_stack","bookmarkType":"INGREDIENT"},
  {"ingredient":{"id":"minecraft:water_bucket"},"type":"item_stack","bookmarkType":"INGREDIENT"},
  {"ingredient":{"id":"minecraft:hay_block"},"type":"item_stack","bookmarkType":"INGREDIENT"},
  {"ingredient":{"id":"silentgear:pickaxe","components":{"silentgear:construction":{"parts":[{"part":"silentgear:rod","item":{"id":"silentgear:rod","count":1,"components":{"silentgear:material_list":[{"material":"silentgear:wood","item":{"id":"minecraft:oak_planks","count":1}}]}}},{"part":"silentgear:pickaxe_head","item":{"id":"silentgear:pickaxe_head","count":1,"components":{"silentgear:material_list":[{"material":"silentgear:stone","item":{"id":"minecraft:cobblestone","count":1}},{"material":"silentgear:stone","item":{"id":"minecraft:cobblestone","count":1}},{"material":"silentgear:stone","item":{"id":"minecraft:cobblestone","count":1}}]}}}],"example":false,"broken_count":0,"repairedCount":5},"silentgear:properties":{"silentgear:traits":[{"trait":"silentgear:flexible","level":2,"conditions":[]},{"trait":"silentgear:ancient","level":2,"conditions":[{"gear_type":"silentgear:tool","type":"silentgear:gear_type"}]}],"silentgear:durability":130.99998,"silentgear:armor_durability":4.9999995,"silentgear:repair_efficiency":1.0,"silentgear:repair_value":0.0,"silentgear:enchantment_value":4.9999995,"silentgear:charging_value":0.5,"silentgear:rarity":4.0,"silentgear:harvest_tier":{"name":"stone","level_hint":"1","incorrect_blocks_for_tool":"silentgear:incorrect_for_stone_tools"},"silentgear:harvest_speed":4.0,"silentgear:block_reach":0.0,"silentgear:attack_damage":2.0,"silentgear:attack_speed":1.2,"silentgear:attack_reach":6.0,"silentgear:magic_damage":0.0,"silentgear:ranged_damage":0.0,"silentgear:draw_speed":-0.2,"silentgear:projectile_speed":1.0,"silentgear:projectile_accuracy":0.8000001,"silentgear:armor":4.9999995,"silentgear:armor_toughness":0.0,"silentgear:knockback_resistance":0.0,"silentgear:magic_armor":0.0},"silentgear:model_index":2,"silentgear:model_key":"pickaxe:rod{wood},pickaxe_head{stone},","minecraft:tool":{"rules":[{"blocks":"#silentgear:incorrect_for_stone_tools","correct_for_drops":false},{"blocks":"#minecraft:mineable/pickaxe","speed":4.0,"correct_for_drops":true}]},"minecraft:damage":31}},"type":"item_stack","bookmarkType":"INGREDIENT"}
]