{
  "Manuals \u0026 Guides": {
    "4": {
      "title": "Open Quests",
      "icon": {
        "stack": "{count:1,id:\"ftbquests:book\"}"
      },
      "action": {
        "key": {
          "key": "key.ftbquests.quests",
          "toggle": false
        }
      }
    },
    "5": {
      "title": "Applied Energistics 2 Guide",
      "icon": {
        "stack": "{count:1,id:\"ae2:guide\"}"
      },
      "action": {
        "command": {
          "command": "/guideme open @a ae2:guide",
          "clipboard": false
        }
      }
    },
    "6": {
      "title": "The One Probe Info",
      "icon": {
        "stack": "{count:1,id:\"theoneprobe:probenote\"}"
      },
      "action": {
        "command": {
          "command": "/top need",
          "clipboard": false
        }
      }
    },
    "7": {
      "title": "The One Probe Config",
      "icon": {
        "stack": "{count:1,id:\"theoneprobe:probenote\"}"
      },
      "action": {
        "command": {
          "command": "/theoneprobe config",
          "clipboard": false
        }
      }
    }
  },
  "main": {
    "0": {
      "title": "Tom\u0027s Storage Terminal",
      "icon": {
        "stack": "{count:1,id:\"toms_storage:adv_wireless_terminal\"}"
      },
      "action": {
        "key": {
          "key": "key.toms_storage.open_terminal",
          "toggle": false
        }
      }
    },
    "4": {
      "title": "Trashcan",
      "icon": {
        "stack": "{count:1,id:\"powder_power:token_trash\"}"
      },
      "action": {
        "command": {
          "command": "/trashcan",
          "clipboard": false
        }
      }
    },
    "5": {
      "title": "Manuals \u0026 Guides",
      "icon": {
        "stack": "{count:1,id:\"minecraft:writable_book\"}"
      },
      "action": {
        "category": "Manuals \u0026 Guides"
      }
    },
    "6": {
      "title": "Team",
      "icon": {
        "stack": "{count:1,id:\"minecraft:player_head\"}"
      },
      "action": {
        "key": {
          "key": "key.ftbteams.open_gui",
          "toggle": false
        }
      }
    },
    "7": {
      "title": "Open Keybindings",
      "icon": {
        "stack": "{count:1,id:\"minecraft:trial_key\"}"
      },
      "action": {
        "command": {
          "command": "/openguiscreen com.blamejared.controlling.client.NewKeyBindsScreen",
          "clipboard": false
        }
      }
    },
    "8": {
      "title": "Light Level Overlay",
      "icon": {
        "stack": "{count:1,id:\"minecraft:shroomlight\"}"
      },
      "action": {
        "key": {
          "key": "key.lightoverlay.enable_overlay",
          "toggle": false
        }
      }
    }
  }
}