{
  "type": "createsifter:sifting",
  "input": {
    "item": "minecraft:gravel"
  },
  "mesh": {
    "count": 1,
    "id": "createsifter:andesite_mesh"
  },
  "processingTime": 500,
  "results": [
    {
      "chance": 0.3,
      "id": "create:copper_nugget"
    },
    {
      "chance": 0.4,
      "id": "create:zinc_nugget"
    },
    {
      "chance": 0.3,
      "id": "minecraft:iron_nugget"
    },
    {
      "chance": 0.4,
      "id": "minecraft:gold_nugget"
    },
    {
      "chance": 0.1,
      "id": "minecraft:coal"
    },
    {
      "chance": 0.5,
      "id": "minecraft:flint"
    }
  ]
}