{
  "type": "createsifter:sifting",
  "ingredients": [
    {"item": "kubejs:amethyst_mesh"},
    {"item": "minecraft:gravel"}
  ],
  "processingTime": 500,
  "results": [
    {"item": "create:raw_zinc", "chance": 0.2},
    {"item": "minecraft:amethyst_shard", "chance": 0.05},
    {"item": "minecraft:diamond", "chance": 0.015},
    {"item": "minecraft:emerald", "chance": 0.011},
    {"item": "minecraft:pointed_dripstone", "chance": 0.02},
    {"item": "minecraft:raw_copper", "chance": 0.2},
    {"item": "minecraft:raw_gold", "chance": 0.2},
    {"item": "minecraft:raw_iron", "chance": 0.3},
    {"item": "create:experience_nugget", "chance": 0.15}
  ]
}
