{
  "type": "createsifter:sifting",
  "ingredients": [
    {"item": "createsifter:andesite_mesh"},
    {"item": "minecraft:dirt"}
  ],
  "processingTime": 500,
  "results": [
    {"item": "silentgear:fluffy_seeds", "chance": 0.05},
    {"item": "silentgear:flax_seeds", "chance": 0.05},
    {"item": "farmersdelight:cabbage_seeds", "chance": 0.05},
    {"item": "farmersdelight:rice", "chance": 0.05},
    {"item": "farmersdelight:tomato_seeds", "chance": 0.05},
    {"item": "farmersdelight:onion", "chance": 0.05}
  ]
}
