{"head":{"x":37,"y":122,"enabled":false,"halign":"RIGHT","valign":"TOP"},"hands":{"x":0,"y":100,"enabled":false,"halign":"LEFT","valign":"TOP"},"charm":{"x":0,"y":160,"enabled":false,"halign":"LEFT","valign":"TOP"},"belt":{"x":0,"y":140,"enabled":false,"halign":"LEFT","valign":"TOP"},"ring":{"x":0,"y":120,"enabled":false,"halign":"LEFT","valign":"TOP"},"charm_3":{"x":0,"y":100,"enabled":false,"halign":"LEFT","valign":"TOP"},"charm_2":{"x":0,"y":80,"enabled":false,"halign":"LEFT","valign":"TOP"},"back":{"x":62,"y":138,"enabled":true,"halign":"RIGHT","valign":"TOP"},"bracelet":{"x":0,"y":80,"enabled":false,"halign":"LEFT","valign":"TOP"},"necklace":{"x":0,"y":20,"enabled":false,"halign":"LEFT","valign":"TOP"},"body":{"x":0,"y":60,"enabled":false,"halign":"LEFT","valign":"TOP"},"curio":{"x":0,"y":180,"enabled":false,"halign":"LEFT","valign":"TOP"},"ring_2":{"x":0,"y":120,"enabled":false,"halign":"LEFT","valign":"TOP"},"ring_3":{"x":0,"y":140,"enabled":false,"halign":"LEFT","valign":"TOP"},"bracelet_2":{"x":0,"y":200,"enabled":false,"halign":"LEFT","valign":"TOP"},"feet":{"x":0,"y":200,"halign":"LEFT","valign":"TOP","enabled":false}}