[
  {"version":2},
  {"ingredient":{"id":"minecraft:iron_ingot"},"type":"item_stack","bookmarkType":"INGREDIENT"},
  {"ingredient":{"id":"minecraft:iron_block"},"type":"item_stack","bookmarkType":"INGREDIENT"},
  {"ingredient":{"id":"minecraft:gold_block"},"type":"item_stack","bookmarkType":"INGREDIENT"},
  {"ingredient":{"id":"minecraft:gold_ingot"},"type":"item_stack","bookmarkType":"INGREDIENT"},
  {"ingredient":{"id":"create:precision_mechanism"},"type":"item_stack","bookmarkType":"INGREDIENT"},
  {"ingredient":{"id":"create:mechanical_arm"},"type":"item_stack","bookmarkType":"INGREDIENT"},
  {"recipe":"create:crafting/kinetics/propeller","recipeType":"minecraft:crafting","bookmarkType":"RECIPE"},
  {"ingredient":{"id":"minecraft:redstone_block"},"type":"item_stack","bookmarkType":"INGREDIENT"},
  {"ingredient":{"id":"toms_storage:storage_terminal"},"type":"item_stack","bookmarkType":"INGREDIENT"},
  {"ingredient":{"id":"create:brass_casing"},"type":"item_stack","bookmarkType":"INGREDIENT"},
  {"recipe":"create:crafting/logistics/redstone_link","recipeType":"minecraft:crafting","bookmarkType":"RECIPE"},
  {"ingredient":{"id":"minecraft:comparator"},"type":"item_stack","bookmarkType":"INGREDIENT"},
  {"ingredient":{"id":"create:stockpile_switch"},"type":"item_stack","bookmarkType":"INGREDIENT"},
  {"ingredient":{"id":"minecraft:oak_trapdoor"},"type":"item_stack","bookmarkType":"INGREDIENT"},
  {"ingredient":{"id":"minecraft:jungle_trapdoor"},"type":"item_stack","bookmarkType":"INGREDIENT"},
  {"ingredient":{"id":"create:framed_glass_trapdoor"},"type":"item_stack","bookmarkType":"INGREDIENT"},
  {"ingredient":{"id":"create:metal_girder"},"type":"item_stack","bookmarkType":"INGREDIENT"},
  {"ingredient":{"id":"create_mechanical_extruder:mechanical_brass_extruder"},"type":"item_stack","bookmarkType":"INGREDIENT"},
  {"ingredient":{"id":"create:rose_quartz"},"type":"item_stack","bookmarkType":"INGREDIENT"},
  {"ingredient":{"id":"minecraft:golden_apple"},"type":"item_stack","bookmarkType":"INGREDIENT"},
  {"recipe":"createsifter:crafting/brass_sifter","recipeType":"minecraft:crafting","bookmarkType":"RECIPE"},
  {"ingredient":{"id":"silentgear:netherwood_log"},"type":"item_stack","bookmarkType":"INGREDIENT"},
  {"ingredient":{"id":"silentgear:sword","components":{"silentgear:construction":{"parts":[{"part":"silentgear:sword_blade","item":{"id":"silentgear:sword_blade","count":1,"components":{"silentgear:material_list":[{"material":"silentgear:iron","item":{"id":"minecraft:iron_ingot","count":1}},{"material":"silentgear:iron","item":{"id":"minecraft:iron_ingot","count":1}}]}}},{"part":"silentgear:tip","item":{"id":"silentgear:tip","count":1,"components":{"silentgear:material_list":[{"material":"silentgear:diamond","item":{"id":"minecraft:diamond","count":1}}]}}},{"part":"silentgear:grip","item":{"id":"silentgear:grip","count":1,"components":{"silentgear:material_list":[{"material":"silentgear:wool/white","item":{"id":"minecraft:white_wool","count":1}}]}}},{"part":"silentgear:rod","item":{"id":"silentgear:rod","count":1,"components":{"silentgear:material_list":[{"material":"silentgear:blaze_rod"}]}}}],"example":false,"broken_count":0,"repairedCount":2},"silentgear:model_key":"sword:sword_blade{iron},tip{diamond},grip{wool/white},rod{blaze_rod},","minecraft:damage":54,"silentgear:model_index":15,"silentgear:properties":{"silentgear:traits":[{"trait":"silentgear:malleable","level":3,"conditions":[]},{"trait":"silentgear:brittle","level":2,"conditions":[]},{"trait":"silentgear:flexible","level":2,"conditions":[]},{"trait":"silentgear:reach","level":1,"conditions":[]}],"silentgear:durability":506.0,"silentgear:armor_durability":24.0,"silentgear:repair_efficiency":1.2,"silentgear:repair_value":0.0,"silentgear:enchantment_value":14.0,"silentgear:charging_value":0.7,"silentgear:rarity":40.0,"silentgear:harvest_tier":{"name":"diamond","level_hint":"3","incorrect_blocks_for_tool":"silentgear:incorrect_for_diamond_tools"},"silentgear:harvest_speed":9.26,"silentgear:block_reach":0.0,"silentgear:attack_damage":7.4,"silentgear:attack_speed":1.8000001,"silentgear:attack_reach":6.0,"silentgear:magic_damage":2.0,"silentgear:ranged_damage":1.6000001,"silentgear:draw_speed":0.1,"silentgear:projectile_speed":1.0,"silentgear:projectile_accuracy":1.1,"silentgear:armor":15.0,"silentgear:armor_toughness":0.0,"silentgear:knockback_resistance":0.0,"silentgear:magic_armor":6.0}}},"type":"item_stack","bookmarkType":"INGREDIENT"},
  {"recipe":"silentgear:lining_template","recipeType":"minecraft:crafting","bookmarkType":"RECIPE"},
  {"ingredient":{"id":"minecraft:cobblestone"},"type":"item_stack","bookmarkType":"INGREDIENT"},
  {"ingredient":{"id":"create:copper_diving_helmet"},"type":"item_stack","bookmarkType":"INGREDIENT"},
  {"ingredient":{"id":"create:copper_backtank","components":{"create:banktank_air":900}},"type":"item_stack","bookmarkType":"INGREDIENT"},
  {"ingredient":{"id":"minecraft:golden_carrot"},"type":"item_stack","bookmarkType":"INGREDIENT"},
  {"ingredient":{"id":"minecraft:dirt"},"type":"item_stack","bookmarkType":"INGREDIENT"},
  {"recipe":"sophisticatedbackpacks:backpack","recipeType":"minecraft:crafting","bookmarkType":"RECIPE"},
  {"ingredient":{"id":"minecraft:composter"},"type":"item_stack","bookmarkType":"INGREDIENT"},
  {"recipe":"create:crafting/kinetics/mechanical_drill","recipeType":"minecraft:crafting","bookmarkType":"RECIPE"},
  {"ingredient":{"id":"create:large_water_wheel"},"type":"item_stack","bookmarkType":"INGREDIENT"},
  {"recipe":"createsifter:crafting/sifter","recipeType":"minecraft:crafting","bookmarkType":"RECIPE"},
  {"recipe":"create_mechanical_extruder:crafting/mechanical_extruder","recipeType":"minecraft:crafting","bookmarkType":"RECIPE"},
  {"ingredient":{"id":"createsifter:zinc_mesh"},"type":"item_stack","bookmarkType":"INGREDIENT"},
  {"ingredient":{"id":"minecraft:coal_block"},"type":"item_stack","bookmarkType":"INGREDIENT"},
  {"ingredient":{"id":"minecraft:infested_cracked_stone_bricks"},"type":"item_stack","bookmarkType":"INGREDIENT"},
  {"ingredient":{"id":"minecraft:enchanted_book","components":{"minecraft:stored_enchantments":{"levels":{"minecraft:looting":3}}}},"type":"item_stack","bookmarkType":"INGREDIENT"},
  {"ingredient":{"id":"create:mechanical_harvester"},"type":"item_stack","bookmarkType":"INGREDIENT"},
  {"ingredient":{"id":"minecraft:water_bucket"},"type":"item_stack","bookmarkType":"INGREDIENT"}
]