[
  {"version":2},
  {"ingredient":{"id":"create_enchantment_industry:mechanical_grindstone"},"type":"item_stack","bookmarkType":"INGREDIENT"},
  {"ingredient":{"id":"create_mechanical_spawner:spawn_fluid_random"},"type":"fluid_stack","bookmarkType":"INGREDIENT"},
  {"ingredient":{"id":"create_mechanical_spawner:mechanical_spawner"},"type":"item_stack","bookmarkType":"INGREDIENT"},
  {"ingredient":{"id":"farmersdelight:organic_compost"},"type":"item_stack","bookmarkType":"INGREDIENT"},
  {"ingredient":{"id":"create:tree_fertilizer"},"type":"item_stack","bookmarkType":"INGREDIENT"},
  {"ingredient":{"id":"sliceanddice:fertilizer"},"type":"fluid_stack","bookmarkType":"INGREDIENT"},
  {"ingredient":{"id":"create:fluid_pipe"},"type":"item_stack","bookmarkType":"INGREDIENT"},
  {"ingredient":{"id":"sliceanddice:sprinkler"},"type":"item_stack","bookmarkType":"INGREDIENT"},
  {"ingredient":{"id":"create:mechanical_plough"},"type":"item_stack","bookmarkType":"INGREDIENT"},
  {"ingredient":{"id":"create:radial_chassis"},"type":"item_stack","bookmarkType":"INGREDIENT"},
  {"ingredient":{"id":"create:cart_assembler"},"type":"item_stack","bookmarkType":"INGREDIENT"},
  {"ingredient":{"id":"create:white_sail"},"type":"item_stack","bookmarkType":"INGREDIENT"},
  {"ingredient":{"id":"create:windmill_bearing"},"type":"item_stack","bookmarkType":"INGREDIENT"},
  {"ingredient":{"id":"create:portable_storage_interface"},"type":"item_stack","bookmarkType":"INGREDIENT"},
  {"ingredient":{"id":"create:mechanical_harvester"},"type":"item_stack","bookmarkType":"INGREDIENT"},
  {"ingredient":{"id":"farmersdelight:fried_rice"},"type":"item_stack","bookmarkType":"INGREDIENT"},
  {"ingredient":{"id":"toms_storage:inventory_cable"},"type":"item_stack","bookmarkType":"INGREDIENT"},
  {"ingredient":{"id":"toms_storage:inventory_cable_connector"},"type":"item_stack","bookmarkType":"INGREDIENT"},
  {"ingredient":{"id":"create:attribute_filter"},"type":"item_stack","bookmarkType":"INGREDIENT"},
  {"ingredient":{"id":"create:filter"},"type":"item_stack","bookmarkType":"INGREDIENT"},
  {"ingredient":{"id":"powder_power:token_good_omen"},"type":"item_stack","bookmarkType":"INGREDIENT"},
  {"ingredient":{"id":"minecraft:paper"},"type":"item_stack","bookmarkType":"INGREDIENT"},
  {"ingredient":{"id":"waystones:warp_plate"},"type":"item_stack","bookmarkType":"INGREDIENT"},
  {"ingredient":{"id":"silentgear:blueprint_paper"},"type":"item_stack","bookmarkType":"INGREDIENT"},
  {"ingredient":{"id":"sophisticatedbackpacks:crafting_upgrade"},"type":"item_stack","bookmarkType":"INGREDIENT"},
  {"ingredient":{"id":"sophisticatedbackpacks:refill_upgrade"},"type":"item_stack","bookmarkType":"INGREDIENT"},
  {"ingredient":{"id":"sophisticatedbackpacks:advanced_compacting_upgrade"},"type":"item_stack","bookmarkType":"INGREDIENT"},
  {"ingredient":{"id":"sophisticatedbackpacks:compacting_upgrade"},"type":"item_stack","bookmarkType":"INGREDIENT"},
  {"ingredient":{"id":"minecraft:book"},"type":"item_stack","bookmarkType":"INGREDIENT"},
  {"ingredient":{"id":"powder_power:token_exp"},"type":"item_stack","bookmarkType":"INGREDIENT"},
  {"ingredient":{"id":"minecraft:copper_ingot"},"type":"item_stack","bookmarkType":"INGREDIENT"},
  {"ingredient":{"id":"create:andesite_alloy_block"},"type":"item_stack","bookmarkType":"INGREDIENT"},
  {"ingredient":{"id":"create:fluid_tank"},"type":"item_stack","bookmarkType":"INGREDIENT"},
  {"ingredient":{"id":"create:zinc_block"},"type":"item_stack","bookmarkType":"INGREDIENT"},
  {"ingredient":{"id":"resourceful_tools:netherrack_double"},"type":"item_stack","bookmarkType":"INGREDIENT"},
  {"ingredient":{"id":"resourceful_tools:netherrack_single"},"type":"item_stack","bookmarkType":"INGREDIENT"},
  {"ingredient":{"id":"minecraft:gold_ingot"},"type":"item_stack","bookmarkType":"INGREDIENT"},
  {"ingredient":{"id":"waystones:warp_stone"},"type":"item_stack","bookmarkType":"INGREDIENT"},
  {"ingredient":{"id":"sophisticatedbackpacks:upgrade_base"},"type":"item_stack","bookmarkType":"INGREDIENT"},
  {"ingredient":{"id":"minecraft:coal_block"},"type":"item_stack","bookmarkType":"INGREDIENT"},
  {"ingredient":{"id":"minecraft:iron_block"},"type":"item_stack","bookmarkType":"INGREDIENT"},
  {"ingredient":{"id":"farmersdelight:baked_cod_stew"},"type":"item_stack","bookmarkType":"INGREDIENT"},
  {"ingredient":{"id":"minecraft:bowl"},"type":"item_stack","bookmarkType":"INGREDIENT"},
  {"ingredient":{"id":"farmersdelight:cutting_board"},"type":"item_stack","bookmarkType":"INGREDIENT"},
  {"ingredient":{"id":"minecraft:name_tag"},"type":"item_stack","bookmarkType":"INGREDIENT"},
  {"ingredient":{"id":"minecraft:oak_trapdoor"},"type":"item_stack","bookmarkType":"INGREDIENT"},
  {"ingredient":{"id":"powder_power:blend_redium"},"type":"item_stack","bookmarkType":"INGREDIENT"},
  {"ingredient":{"id":"resourceful_tools:diorite_single"},"type":"item_stack","bookmarkType":"INGREDIENT"},
  {"ingredient":{"id":"resourceful_tools:cobblestone_double"},"type":"item_stack","bookmarkType":"INGREDIENT"},
  {"ingredient":{"id":"minecraft:lapis_block"},"type":"item_stack","bookmarkType":"INGREDIENT"},
  {"ingredient":{"id":"resourceful_tools:cobbled_deepslate_double"},"type":"item_stack","bookmarkType":"INGREDIENT"},
  {"ingredient":{"id":"resourceful_tools:cobbled_deepslate_single"},"type":"item_stack","bookmarkType":"INGREDIENT"},
  {"ingredient":{"id":"farmersdelight:cabbage_crate"},"type":"item_stack","bookmarkType":"INGREDIENT"},
  {"ingredient":{"id":"farmersdelight:tomato_crate"},"type":"item_stack","bookmarkType":"INGREDIENT"},
  {"ingredient":{"id":"farmersdelight:onion_crate"},"type":"item_stack","bookmarkType":"INGREDIENT"},
  {"ingredient":{"id":"farmersdelight:potato_crate"},"type":"item_stack","bookmarkType":"INGREDIENT"},
  {"ingredient":{"id":"farmersdelight:carrot_crate"},"type":"item_stack","bookmarkType":"INGREDIENT"},
  {"ingredient":{"id":"minecraft:hay_block"},"type":"item_stack","bookmarkType":"INGREDIENT"},
  {"ingredient":{"id":"farmersdelight:rice_bale"},"type":"item_stack","bookmarkType":"INGREDIENT"},
  {"ingredient":{"id":"minecraft:raw_copper_block"},"type":"item_stack","bookmarkType":"INGREDIENT"},
  {"ingredient":{"id":"resourceful_tools:dirt_single"},"type":"item_stack","bookmarkType":"INGREDIENT"},
  {"ingredient":{"id":"resourceful_tools:gravel_single"},"type":"item_stack","bookmarkType":"INGREDIENT"},
  {"recipe":"sophisticatedbackpacks:backpack","recipeType":"minecraft:crafting","bookmarkType":"RECIPE"},
  {"ingredient":{"id":"minecraft:cobbled_deepslate"},"type":"item_stack","bookmarkType":"INGREDIENT"},
  {"ingredient":{"id":"minecraft:redstone_block"},"type":"item_stack","bookmarkType":"INGREDIENT"},
  {"ingredient":{"id":"resourceful_tools:tuff_single"},"type":"item_stack","bookmarkType":"INGREDIENT"},
  {"ingredient":{"id":"minecraft:coal"},"type":"item_stack","bookmarkType":"INGREDIENT"},
  {"ingredient":{"id":"resourceful_tools:andesite_single"},"type":"item_stack","bookmarkType":"INGREDIENT"},
  {"ingredient":{"id":"resourceful_tools:cobblestone_single"},"type":"item_stack","bookmarkType":"INGREDIENT"}
]