[
  {"version":1},
  {"ingredient":{"id":"create_mechanical_spawner:spawn_fluid_wither_skeleton"},"type":"fluid_stack","bookmarkType":"INGREDIENT"},
  {"ingredient":{"id":"create_mechanical_spawner:spawn_fluid_random"},"type":"fluid_stack","bookmarkType":"INGREDIENT"},
  {"ingredient":{"id":"create_mechanical_spawner:spawn_fluid_skeleton"},"type":"fluid_stack","bookmarkType":"INGREDIENT"},
  {"ingredient":{"id":"create_mechanical_spawner:spawn_fluid_enderman"},"type":"fluid_stack","bookmarkType":"INGREDIENT"},
  {"ingredient":{"id":"create_mechanical_spawner:spawn_fluid_witch"},"type":"fluid_stack","bookmarkType":"INGREDIENT"},
  {"ingredient":{"id":"create_mechanical_spawner:spawn_fluid_blaze"},"type":"fluid_stack","bookmarkType":"INGREDIENT"},
  {"ingredient":{"id":"create_sa:flamethrower"},"type":"item_stack","bookmarkType":"INGREDIENT"},
  {"ingredient":{"id":"create_mechanical_spawner:spawn_fluid_wither"},"type":"fluid_stack","bookmarkType":"INGREDIENT"},
  {"ingredient":{"id":"create:cart_assembler"},"type":"item_stack","bookmarkType":"INGREDIENT"},
  {"ingredient":{"id":"create:clutch"},"type":"item_stack","bookmarkType":"INGREDIENT"},
  {"ingredient":{"id":"create_enchantment_industry:mechanical_grindstone"},"type":"item_stack","bookmarkType":"INGREDIENT"},
  {"ingredient":{"id":"create:item_drain"},"type":"item_stack","bookmarkType":"INGREDIENT"},
  {"ingredient":{"id":"farmersdelight:straw"},"type":"item_stack","bookmarkType":"INGREDIENT"},
  {"ingredient":{"id":"farmersdelight:rice"},"type":"item_stack","bookmarkType":"INGREDIENT"},
  {"ingredient":{"id":"farmersdelight:tatami"},"type":"item_stack","bookmarkType":"INGREDIENT"},
  {"ingredient":{"id":"farmersdelight:organic_compost"},"type":"item_stack","bookmarkType":"INGREDIENT"},
  {"ingredient":{"id":"waystones:warp_plate"},"type":"item_stack","bookmarkType":"INGREDIENT"},
  {"ingredient":{"id":"waystones:warp_dust"},"type":"item_stack","bookmarkType":"INGREDIENT"},
  {"ingredient":{"id":"waystones:dormant_shard"},"type":"item_stack","bookmarkType":"INGREDIENT"},
  {"ingredient":{"id":"create_enchantment_industry:experience"},"type":"fluid_stack","bookmarkType":"INGREDIENT"},
  {"ingredient":{"id":"create_mechanical_spawner:spawn_fluid_pig"},"type":"fluid_stack","bookmarkType":"INGREDIENT"},
  {"ingredient":{"id":"create_mechanical_spawner:spawn_fluid_parrot"},"type":"fluid_stack","bookmarkType":"INGREDIENT"},
  {"ingredient":{"id":"create_mechanical_spawner:spawn_fluid_ghast"},"type":"fluid_stack","bookmarkType":"INGREDIENT"},
  {"ingredient":{"id":"create_mechanical_spawner:spawn_fluid_panda"},"type":"fluid_stack","bookmarkType":"INGREDIENT"},
  {"ingredient":{"id":"create_mechanical_spawner:spawn_fluid_panda_bucket"},"type":"item_stack","bookmarkType":"INGREDIENT"},
  {"ingredient":{"id":"create_mechanical_spawner:mechanical_spawner"},"type":"item_stack","bookmarkType":"INGREDIENT"},
  {"ingredient":{"id":"create_mechanical_spawner:spawn_fluid_random_bucket"},"type":"item_stack","bookmarkType":"INGREDIENT"},
  {"ingredient":{"id":"createaddition:biomass"},"type":"item_stack","bookmarkType":"INGREDIENT"},
  {"ingredient":{"id":"minecraft:poppy"},"type":"item_stack","bookmarkType":"INGREDIENT"},
  {"ingredient":{"id":"create:crushed_raw_copper"},"type":"item_stack","bookmarkType":"INGREDIENT"},
  {"ingredient":{"id":"create:tree_fertilizer"},"type":"item_stack","bookmarkType":"INGREDIENT"},
  {"ingredient":{"id":"sliceanddice:fertilizer"},"type":"fluid_stack","bookmarkType":"INGREDIENT"},
  {"ingredient":{"id":"sliceanddice:fertilizer_bucket"},"type":"item_stack","bookmarkType":"INGREDIENT"},
  {"ingredient":{"id":"sliceanddice:sprinkler"},"type":"item_stack","bookmarkType":"INGREDIENT"},
  {"ingredient":{"id":"create:fluid_pipe"},"type":"item_stack","bookmarkType":"INGREDIENT"},
  {"ingredient":{"id":"minecraft:cod"},"type":"item_stack","bookmarkType":"INGREDIENT"},
  {"ingredient":{"id":"minecraft:egg"},"type":"item_stack","bookmarkType":"INGREDIENT"},
  {"ingredient":{"id":"create:mechanical_plough"},"type":"item_stack","bookmarkType":"INGREDIENT"},
  {"ingredient":{"id":"create:mechanical_harvester"},"type":"item_stack","bookmarkType":"INGREDIENT"},
  {"ingredient":{"id":"create:chute"},"type":"item_stack","bookmarkType":"INGREDIENT"},
  {"ingredient":{"id":"create:linear_chassis"},"type":"item_stack","bookmarkType":"INGREDIENT"},
  {"ingredient":{"id":"create:radial_chassis"},"type":"item_stack","bookmarkType":"INGREDIENT"},
  {"ingredient":{"id":"create:windmill_bearing"},"type":"item_stack","bookmarkType":"INGREDIENT"},
  {"ingredient":{"id":"create:white_sail"},"type":"item_stack","bookmarkType":"INGREDIENT"},
  {"ingredient":{"id":"silentgear:fluffy_puff"},"type":"item_stack","bookmarkType":"INGREDIENT"},
  {"ingredient":{"id":"minecraft:quartz_block"},"type":"item_stack","bookmarkType":"INGREDIENT"},
  {"ingredient":{"id":"minecraft:green_wool"},"type":"item_stack","bookmarkType":"INGREDIENT"},
  {"ingredient":{"id":"create:portable_storage_interface"},"type":"item_stack","bookmarkType":"INGREDIENT"},
  {"ingredient":{"id":"create_dragons_plus:blaze_upgrade_smithing_template"},"type":"item_stack","bookmarkType":"INGREDIENT"},
  {"ingredient":{"id":"create_enchantment_industry:blaze_enchanter"},"type":"item_stack","bookmarkType":"INGREDIENT"},
  {"ingredient":{"id":"create:blaze_cake_base"},"type":"item_stack","bookmarkType":"INGREDIENT"},
  {"ingredient":{"id":"create:cinder_flour"},"type":"item_stack","bookmarkType":"INGREDIENT"},
  {"ingredient":{"id":"create:cardboard"},"type":"item_stack","bookmarkType":"INGREDIENT"},
  {"ingredient":{"id":"create:pulp"},"type":"item_stack","bookmarkType":"INGREDIENT"},
  {"ingredient":{"id":"minecraft:sugar_cane"},"type":"item_stack","bookmarkType":"INGREDIENT"},
  {"ingredient":{"id":"farmersdelight:fried_rice"},"type":"item_stack","bookmarkType":"INGREDIENT"},
  {"ingredient":{"id":"minecraft:oak_sapling"},"type":"item_stack","bookmarkType":"INGREDIENT"},
  {"ingredient":{"id":"minecraft:rotten_flesh"},"type":"item_stack","bookmarkType":"INGREDIENT"},
  {"ingredient":{"id":"minecraft:quartz"},"type":"item_stack","bookmarkType":"INGREDIENT"},
  {"ingredient":{"id":"createaddition:seed_oil"},"type":"fluid_stack","bookmarkType":"INGREDIENT"},
  {"ingredient":{"id":"minecraft:kelp"},"type":"item_stack","bookmarkType":"INGREDIENT"},
  {"ingredient":{"id":"create:gearbox"},"type":"item_stack","bookmarkType":"INGREDIENT"},
  {"ingredient":{"id":"createaddition:straw"},"type":"item_stack","bookmarkType":"INGREDIENT"},
  {"ingredient":{"id":"createaddition:electrum_nugget"},"type":"item_stack","bookmarkType":"INGREDIENT"},
  {"ingredient":{"id":"createaddition:rolling_mill"},"type":"item_stack","bookmarkType":"INGREDIENT"},
  {"ingredient":{"id":"create:cogwheel"},"type":"item_stack","bookmarkType":"INGREDIENT"},
  {"ingredient":{"id":"create:mechanical_press"},"type":"item_stack","bookmarkType":"INGREDIENT"},
  {"ingredient":{"id":"createaddition:seed_oil_bucket"},"type":"item_stack","bookmarkType":"INGREDIENT"},
  {"ingredient":{"id":"minecraft:crimson_nylium"},"type":"item_stack","bookmarkType":"INGREDIENT"},
  {"ingredient":{"id":"minecraft:glowstone"},"type":"item_stack","bookmarkType":"INGREDIENT"},
  {"ingredient":{"id":"minecraft:diamond_horse_armor"},"type":"item_stack","bookmarkType":"INGREDIENT"},
  {"ingredient":{"id":"farmersdelight:tomato_seeds"},"type":"item_stack","bookmarkType":"INGREDIENT"},
  {"ingredient":{"id":"minecraft:netherrack"},"type":"item_stack","bookmarkType":"INGREDIENT"},
  {"ingredient":{"id":"minecraft:arrow"},"type":"item_stack","bookmarkType":"INGREDIENT"},
  {"ingredient":{"id":"create:filter"},"type":"item_stack","bookmarkType":"INGREDIENT"},
  {"ingredient":{"id":"create:attribute_filter"},"type":"item_stack","bookmarkType":"INGREDIENT"},
  {"ingredient":{"id":"create:package_filter"},"type":"item_stack","bookmarkType":"INGREDIENT"},
  {"ingredient":{"id":"create:smart_chute"},"type":"item_stack","bookmarkType":"INGREDIENT"},
  {"ingredient":{"id":"toms_storage:inventory_cable_connector"},"type":"item_stack","bookmarkType":"INGREDIENT"},
  {"ingredient":{"id":"toms_storage:inventory_connector"},"type":"item_stack","bookmarkType":"INGREDIENT"},
  {"ingredient":{"id":"minecraft:comparator"},"type":"item_stack","bookmarkType":"INGREDIENT"},
  {"ingredient":{"id":"minecraft:chest"},"type":"item_stack","bookmarkType":"INGREDIENT"},
  {"ingredient":{"id":"minecraft:trapped_chest"},"type":"item_stack","bookmarkType":"INGREDIENT"},
  {"ingredient":{"id":"minecraft:ender_chest"},"type":"item_stack","bookmarkType":"INGREDIENT"},
  {"ingredient":{"id":"waystones:warp_stone"},"type":"item_stack","bookmarkType":"INGREDIENT"},
  {"ingredient":{"id":"waystones:blackstone_waystone"},"type":"item_stack","bookmarkType":"INGREDIENT"},
  {"ingredient":{"id":"minecraft:netherite_scrap"},"type":"item_stack","bookmarkType":"INGREDIENT"},
  {"ingredient":{"id":"minecraft:name_tag"},"type":"item_stack","bookmarkType":"INGREDIENT"},
  {"ingredient":{"id":"minecraft:black_dye"},"type":"item_stack","bookmarkType":"INGREDIENT"},
  {"ingredient":{"id":"create:cardboard_block"},"type":"item_stack","bookmarkType":"INGREDIENT"},
  {"ingredient":{"id":"create:bound_cardboard_block"},"type":"item_stack","bookmarkType":"INGREDIENT"},
  {"ingredient":{"id":"minecraft:anvil"},"type":"item_stack","bookmarkType":"INGREDIENT"},
  {"ingredient":{"id":"minecraft:chipped_anvil"},"type":"item_stack","bookmarkType":"INGREDIENT"},
  {"ingredient":{"id":"minecraft:oak_trapdoor"},"type":"item_stack","bookmarkType":"INGREDIENT"},
  {"ingredient":{"id":"minecraft:bookshelf"},"type":"item_stack","bookmarkType":"INGREDIENT"},
  {"ingredient":{"id":"powder_power:token_good_omen"},"type":"item_stack","bookmarkType":"INGREDIENT"},
  {"ingredient":{"id":"minecraft:crossbow"},"type":"item_stack","bookmarkType":"INGREDIENT"},
  {"ingredient":{"id":"powder_power:blend_gemium"},"type":"item_stack","bookmarkType":"INGREDIENT"},
  {"ingredient":{"id":"powder_power:powder_emerald"},"type":"item_stack","bookmarkType":"INGREDIENT"},
  {"ingredient":{"id":"powder_power:powder_obsidian"},"type":"item_stack","bookmarkType":"INGREDIENT"}
]